{"interfaceLanguages":{"swift":[{"children":[{"title":"Classes","type":"groupMarker"},{"children":[{"title":"Initializers","type":"groupMarker"},{"path":"\/documentation\/simplemath\/simplealgorithms\/init()","title":"init()","type":"init"},{"title":"Instance Methods","type":"groupMarker"},{"path":"\/documentation\/simplemath\/simplealgorithms\/factorial(n:)","title":"func factorial(n: Int) -> Int","type":"method"},{"path":"\/documentation\/simplemath\/simplealgorithms\/fibonacci(_:)","title":"func fibonacci(Int) -> Int","type":"method"}],"path":"\/documentation\/simplemath\/simplealgorithms","title":"SimpleAlgorithms","type":"class"}],"path":"\/documentation\/simplemath","title":"SimpleMath","type":"module"}]},"schemaVersion":{"major":0,"minor":1,"patch":1}}