{
  "ABIRoot": {
    "kind": "Root",
    "name": "TopLevel",
    "printedName": "TopLevel",
    "children": [
      {
        "kind": "Import",
        "name": "Foundation",
        "printedName": "Foundation",
        "declKind": "Import",
        "moduleName": "SimpleMath",
        "declAttributes": [
          "RawDocComment"
        ]
      },
      {
        "kind": "TypeDecl",
        "name": "SimpleAlgorithms",
        "printedName": "SimpleAlgorithms",
        "children": [
          {
            "kind": "Constructor",
            "name": "init",
            "printedName": "init()",
            "children": [
              {
                "kind": "TypeNominal",
                "name": "SimpleAlgorithms",
                "printedName": "SimpleMath.SimpleAlgorithms",
                "usr": "s:10SimpleMath0A10AlgorithmsC"
              }
            ],
            "declKind": "Constructor",
            "usr": "s:10SimpleMath0A10AlgorithmsCACycfc",
            "mangledName": "$s10SimpleMath0A10AlgorithmsCACycfc",
            "moduleName": "SimpleMath",
            "declAttributes": [
              "AccessControl",
              "RawDocComment"
            ],
            "init_kind": "Designated"
          },
          {
            "kind": "Function",
            "name": "fibonacci",
            "printedName": "fibonacci(_:)",
            "children": [
              {
                "kind": "TypeNominal",
                "name": "Int",
                "printedName": "Swift.Int",
                "usr": "s:Si"
              },
              {
                "kind": "TypeNominal",
                "name": "Int",
                "printedName": "Swift.Int",
                "usr": "s:Si"
              }
            ],
            "declKind": "Func",
            "usr": "s:10SimpleMath0A10AlgorithmsC9fibonacciyS2iF",
            "mangledName": "$s10SimpleMath0A10AlgorithmsC9fibonacciyS2iF",
            "moduleName": "SimpleMath",
            "declAttributes": [
              "AccessControl",
              "RawDocComment"
            ],
            "funcSelfKind": "NonMutating"
          },
          {
            "kind": "Function",
            "name": "factorial",
            "printedName": "factorial(n:)",
            "children": [
              {
                "kind": "TypeNominal",
                "name": "Int",
                "printedName": "Swift.Int",
                "usr": "s:Si"
              },
              {
                "kind": "TypeNominal",
                "name": "Int",
                "printedName": "Swift.Int",
                "usr": "s:Si"
              }
            ],
            "declKind": "Func",
            "usr": "s:10SimpleMath0A10AlgorithmsC9factorial1nS2i_tF",
            "mangledName": "$s10SimpleMath0A10AlgorithmsC9factorial1nS2i_tF",
            "moduleName": "SimpleMath",
            "declAttributes": [
              "AccessControl",
              "RawDocComment"
            ],
            "funcSelfKind": "NonMutating"
          }
        ],
        "declKind": "Class",
        "usr": "s:10SimpleMath0A10AlgorithmsC",
        "mangledName": "$s10SimpleMath0A10AlgorithmsC",
        "moduleName": "SimpleMath",
        "declAttributes": [
          "AccessControl",
          "RawDocComment"
        ]
      }
    ],
    "json_format_version": 8
  },
  "ConstValues": [
    {
      "filePath": "\/Users\/richard.tilt\/Development\/SimpleMath_01\/SimpleAlgorithm.swift",
      "kind": "IntegerLiteral",
      "offset": 605,
      "length": 1,
      "value": "1"
    },
    {
      "filePath": "\/Users\/richard.tilt\/Development\/SimpleMath_01\/SimpleAlgorithm.swift",
      "kind": "IntegerLiteral",
      "offset": 623,
      "length": 1,
      "value": "1"
    },
    {
      "filePath": "\/Users\/richard.tilt\/Development\/SimpleMath_01\/SimpleAlgorithm.swift",
      "kind": "IntegerLiteral",
      "offset": 643,
      "length": 1,
      "value": "1"
    },
    {
      "filePath": "\/Users\/richard.tilt\/Development\/SimpleMath_01\/SimpleAlgorithm.swift",
      "kind": "IntegerLiteral",
      "offset": 673,
      "length": 1,
      "value": "2"
    },
    {
      "filePath": "\/Users\/richard.tilt\/Development\/SimpleMath_01\/SimpleAlgorithm.swift",
      "kind": "IntegerLiteral",
      "offset": 888,
      "length": 1,
      "value": "1"
    },
    {
      "filePath": "\/Users\/richard.tilt\/Development\/SimpleMath_01\/SimpleAlgorithm.swift",
      "kind": "IntegerLiteral",
      "offset": 905,
      "length": 1,
      "value": "0"
    },
    {
      "filePath": "\/Users\/richard.tilt\/Development\/SimpleMath_01\/SimpleAlgorithm.swift",
      "kind": "IntegerLiteral",
      "offset": 922,
      "length": 1,
      "value": "1"
    }
  ]
}